,sex,pclass,who,alone,fare,sex_,pclass_,who_,alone_,fare_,survived_
0,male,3,adult,False,7.25,1,2,0,0,18,0
1,female,1,adult,False,71.2833,0,0,0,0,207,1
2,female,3,adult,True,7.925,0,2,0,1,41,1
3,female,1,adult,False,53.1,0,0,0,0,189,1
4,male,3,adult,True,8.05,1,2,0,1,43,0
5,male,3,adult,True,8.4583,1,2,0,1,51,0
6,male,1,adult,True,51.8625,1,0,0,1,186,0
7,male,3,child,False,21.075,1,2,1,0,124,0
8,female,3,adult,False,11.1333,0,2,0,0,74,1
9,female,2,child,False,30.0708,0,1,1,0,154,1
10,female,3,child,False,16.7,0,2,1,0,110,1
11,female,1,adult,True,26.55,0,0,0,1,143,1
12,male,3,adult,True,8.05,1,2,0,1,43,0
13,male,3,adult,False,31.275,1,2,0,0,158,0
14,female,3,child,True,7.8542,0,2,1,1,36,0
15,female,2,adult,True,16.0,0,1,0,1,108,1
16,male,3,child,False,29.125,1,2,1,0,151,0
17,male,2,adult,True,13.0,1,1,0,1,85,1
18,female,3,adult,False,18.0,0,2,0,0,113,0
19,female,3,adult,True,7.225,0,2,0,1,16,1
20,male,2,adult,True,26.0,1,1,0,1,138,0
21,male,2,adult,True,13.0,1,1,0,1,85,1
22,female,3,child,True,8.0292,0,2,1,1,42,1
23,male,1,adult,True,35.5,1,0,0,1,168,1
24,female,3,child,False,21.075,0,2,1,0,124,0
25,female,3,adult,False,31.3875,0,2,0,0,159,1
26,male,3,adult,True,7.225,1,2,0,1,16,0
27,male,1,adult,False,263.0,1,0,0,0,245,0
28,female,3,adult,True,7.8792,0,2,0,1,38,1
29,male,3,adult,True,7.8958,1,2,0,1,40,0
30,male,1,adult,True,27.7208,1,0,0,1,145,0
31,female,1,adult,False,146.5208,0,0,0,0,235,1
32,female,3,adult,True,7.75,0,2,0,1,30,1
33,male,2,adult,True,10.5,1,1,0,1,72,0
34,male,1,adult,False,82.1708,1,0,0,0,219,0
35,male,1,adult,False,52.0,1,0,0,0,187,0
36,male,3,adult,True,7.2292,1,2,0,1,17,1
37,male,3,adult,True,8.05,1,2,0,1,43,0
38,female,3,adult,False,18.0,0,2,0,0,113,0
39,female,3,child,False,11.2417,0,2,1,0,75,1
40,female,3,adult,False,9.475,0,2,0,0,62,0
41,female,2,adult,False,21.0,0,1,0,0,123,0
42,male,3,adult,True,7.8958,1,2,0,1,40,0
43,female,2,child,False,41.5792,0,1,1,0,177,1
44,female,3,adult,True,7.8792,0,2,0,1,38,1
45,male,3,adult,True,8.05,1,2,0,1,43,0
46,male,3,adult,False,15.5,1,2,0,0,102,0
47,female,3,adult,True,7.75,0,2,0,1,30,1
48,male,3,adult,False,21.6792,1,2,0,0,125,0
49,female,3,adult,False,17.8,0,2,0,0,112,0
50,male,3,child,False,39.6875,1,2,1,0,175,0
51,male,3,adult,True,7.8,1,2,0,1,34,0
52,female,1,adult,False,76.7292,0,0,0,0,211,1
53,female,2,adult,False,26.0,0,1,0,0,138,1
54,male,1,adult,False,61.9792,1,0,0,0,200,0
55,male,1,adult,True,35.5,1,0,0,1,168,1
56,female,2,adult,True,10.5,0,1,0,1,72,1
57,male,3,adult,True,7.2292,1,2,0,1,17,0
58,female,2,child,False,27.75,0,1,1,0,146,1
59,male,3,child,False,46.9,1,2,1,0,179,0
60,male,3,adult,True,7.2292,1,2,0,1,17,0
62,male,1,adult,False,83.475,1,0,0,0,221,0
63,male,3,child,False,27.9,1,2,1,0,147,0
64,male,1,adult,True,27.7208,1,0,0,1,145,0
65,male,3,adult,False,15.2458,1,2,0,0,101,1
66,female,2,adult,True,10.5,0,1,0,1,72,1
67,male,3,adult,True,8.1583,1,2,0,1,46,0
68,female,3,adult,False,7.925,0,2,0,0,41,1
69,male,3,adult,False,8.6625,1,2,0,0,54,0
70,male,2,adult,True,10.5,1,1,0,1,72,0
71,female,3,adult,False,46.9,0,2,0,0,179,0
72,male,2,adult,True,73.5,1,1,0,1,208,0
73,male,3,adult,False,14.4542,1,2,0,0,94,0
74,male,3,adult,True,56.4958,1,2,0,1,193,1
75,male,3,adult,True,7.65,1,2,0,1,24,0
76,male,3,adult,True,7.8958,1,2,0,1,40,0
77,male,3,adult,True,8.05,1,2,0,1,43,0
78,male,2,child,False,29.0,1,1,1,0,150,1
79,female,3,adult,True,12.475,0,2,0,1,81,1
80,male,3,adult,True,9.0,1,2,0,1,58,0
81,male,3,adult,True,9.5,1,2,0,1,64,1
82,female,3,adult,True,7.7875,0,2,0,1,32,1
83,male,1,adult,True,47.1,1,0,0,1,180,0
84,female,2,adult,True,10.5,0,1,0,1,72,1
85,female,3,adult,False,15.85,0,2,0,0,106,1
86,male,3,adult,False,34.375,1,2,0,0,165,0
87,male,3,adult,True,8.05,1,2,0,1,43,0
88,female,1,adult,False,263.0,0,0,0,0,245,1
89,male,3,adult,True,8.05,1,2,0,1,43,0
90,male,3,adult,True,8.05,1,2,0,1,43,0
91,male,3,adult,True,7.8542,1,2,0,1,36,0
92,male,1,adult,False,61.175,1,0,0,0,198,0
93,male,3,adult,False,20.575,1,2,0,0,122,0
94,male,3,adult,True,7.25,1,2,0,1,18,0
95,male,3,adult,True,8.05,1,2,0,1,43,0
96,male,1,adult,True,34.6542,1,0,0,1,166,0
97,male,1,adult,False,63.3583,1,0,0,0,201,1
98,female,2,adult,False,23.0,0,1,0,0,129,1
99,male,2,adult,False,26.0,1,1,0,0,138,0
100,female,3,adult,True,7.8958,0,2,0,1,40,0
101,male,3,adult,True,7.8958,1,2,0,1,40,0
102,male,1,adult,False,77.2875,1,0,0,0,212,0
103,male,3,adult,True,8.6542,1,2,0,1,53,0
104,male,3,adult,False,7.925,1,2,0,0,41,0
105,male,3,adult,True,7.8958,1,2,0,1,40,0
106,female,3,adult,True,7.65,0,2,0,1,24,1
107,male,3,adult,True,7.775,1,2,0,1,31,1
108,male,3,adult,True,7.8958,1,2,0,1,40,0
109,female,3,adult,False,24.15,0,2,0,0,133,1
110,male,1,adult,True,52.0,1,0,0,1,187,0
111,female,3,child,False,14.4542,0,2,1,0,94,0
112,male,3,adult,True,8.05,1,2,0,1,43,0
113,female,3,adult,False,9.825,0,2,0,0,66,0
114,female,3,adult,True,14.4583,0,2,0,1,95,0
115,male,3,adult,True,7.925,1,2,0,1,41,0
116,male,3,adult,True,7.75,1,2,0,1,30,0
117,male,2,adult,False,21.0,1,1,0,0,123,0
118,male,1,adult,False,247.5208,1,0,0,0,243,0
119,female,3,child,False,31.275,0,2,1,0,158,0
120,male,2,adult,False,73.5,1,1,0,0,208,0
121,male,3,adult,True,8.05,1,2,0,1,43,0
122,male,2,adult,False,30.0708,1,1,0,0,154,0
123,female,2,adult,True,13.0,0,1,0,1,85,1
124,male,1,adult,False,77.2875,1,0,0,0,212,0
125,male,3,child,False,11.2417,1,2,1,0,75,1
126,male,3,adult,True,7.75,1,2,0,1,30,0
127,male,3,adult,True,7.1417,1,2,0,1,15,1
128,female,3,adult,False,22.3583,0,2,0,0,127,1
129,male,3,adult,True,6.975,1,2,0,1,10,0
130,male,3,adult,True,7.8958,1,2,0,1,40,0
131,male,3,adult,True,7.05,1,2,0,1,12,0
132,female,3,adult,False,14.5,0,2,0,0,96,0
133,female,2,adult,False,26.0,0,1,0,0,138,1
134,male,2,adult,True,13.0,1,1,0,1,85,0
135,male,2,adult,True,15.0458,1,1,0,1,98,0
136,female,1,adult,False,26.2833,0,0,0,0,140,1
137,male,1,adult,False,53.1,1,0,0,0,189,0
138,male,3,adult,True,9.2167,1,2,0,1,59,0
139,male,1,adult,True,79.2,1,0,0,1,216,0
140,female,3,adult,False,15.2458,0,2,0,0,101,0
141,female,3,adult,True,7.75,0,2,0,1,30,1
142,female,3,adult,False,15.85,0,2,0,0,106,1
143,male,3,adult,True,6.75,1,2,0,1,7,0
144,male,2,adult,True,11.5,1,1,0,1,76,0
145,male,2,adult,False,36.75,1,1,0,0,169,0
146,male,3,adult,True,7.7958,1,2,0,1,33,1
147,female,3,child,False,34.375,0,2,1,0,165,0
148,male,2,adult,False,26.0,1,1,0,0,138,0
149,male,2,adult,True,13.0,1,1,0,1,85,0
150,male,2,adult,True,12.525,1,1,0,1,82,0
151,female,1,adult,False,66.6,0,0,0,0,203,1
152,male,3,adult,True,8.05,1,2,0,1,43,0
153,male,3,adult,False,14.5,1,2,0,0,96,0
154,male,3,adult,True,7.3125,1,2,0,1,19,0
155,male,1,adult,False,61.3792,1,0,0,0,199,0
156,female,3,adult,True,7.7333,0,2,0,1,27,1
157,male,3,adult,True,8.05,1,2,0,1,43,0
158,male,3,adult,True,8.6625,1,2,0,1,54,0
159,male,3,adult,False,69.55,1,2,0,0,205,0
160,male,3,adult,False,16.1,1,2,0,0,109,0
161,female,2,adult,True,15.75,0,1,0,1,105,1
162,male,3,adult,True,7.775,1,2,0,1,31,0
163,male,3,adult,True,8.6625,1,2,0,1,54,0
164,male,3,child,False,39.6875,1,2,1,0,175,0
165,male,3,child,False,20.525,1,2,1,0,121,1
166,female,1,adult,False,55.0,0,0,0,0,190,1
167,female,3,adult,False,27.9,0,2,0,0,147,0
168,male,1,adult,True,25.925,1,0,0,1,136,0
169,male,3,adult,True,56.4958,1,2,0,1,193,0
170,male,1,adult,True,33.5,1,0,0,1,163,0
171,male,3,child,False,29.125,1,2,1,0,151,0
172,female,3,child,False,11.1333,0,2,1,0,74,1
173,male,3,adult,True,7.925,1,2,0,1,41,0
174,male,1,adult,True,30.6958,1,0,0,1,156,0
175,male,3,adult,False,7.8542,1,2,0,0,36,0
176,male,3,adult,False,25.4667,1,2,0,0,134,0
177,female,1,adult,True,28.7125,0,0,0,1,149,0
178,male,2,adult,True,13.0,1,1,0,1,85,0
179,male,3,adult,True,0.0,1,2,0,1,0,0
180,female,3,adult,False,69.55,0,2,0,0,205,0
181,male,2,adult,True,15.05,1,1,0,1,99,0
182,male,3,child,False,31.3875,1,2,1,0,159,0
183,male,2,child,False,39.0,1,1,1,0,172,1
184,female,3,child,False,22.025,0,2,1,0,126,1
185,male,1,adult,True,50.0,1,0,0,1,183,0
186,female,3,adult,False,15.5,0,2,0,0,102,1
187,male,1,adult,True,26.55,1,0,0,1,143,1
188,male,3,adult,False,15.5,1,2,0,0,102,0
189,male,3,adult,True,7.8958,1,2,0,1,40,0
190,female,2,adult,True,13.0,0,1,0,1,85,1
191,male,2,adult,True,13.0,1,1,0,1,85,0
192,female,3,adult,False,7.8542,0,2,0,0,36,1
193,male,2,child,False,26.0,1,1,1,0,138,1
194,female,1,adult,True,27.7208,0,0,0,1,145,1
195,female,1,adult,True,146.5208,0,0,0,1,235,1
196,male,3,adult,True,7.75,1,2,0,1,30,0
197,male,3,adult,False,8.4042,1,2,0,0,49,0
198,female,3,adult,True,7.75,0,2,0,1,30,1
199,female,2,adult,True,13.0,0,1,0,1,85,0
200,male,3,adult,True,9.5,1,2,0,1,64,0
201,male,3,adult,False,69.55,1,2,0,0,205,0
202,male,3,adult,True,6.4958,1,2,0,1,6,0
203,male,3,adult,True,7.225,1,2,0,1,16,0
204,male,3,adult,True,8.05,1,2,0,1,43,1
205,female,3,child,False,10.4625,0,2,1,0,71,0
206,male,3,adult,False,15.85,1,2,0,0,106,0
207,male,3,adult,True,18.7875,1,2,0,1,115,1
208,female,3,adult,True,7.75,0,2,0,1,30,1
209,male,1,adult,True,31.0,1,0,0,1,157,1
210,male,3,adult,True,7.05,1,2,0,1,12,0
211,female,2,adult,True,21.0,0,1,0,1,123,1
212,male,3,adult,True,7.25,1,2,0,1,18,0
213,male,2,adult,True,13.0,1,1,0,1,85,0
214,male,3,adult,False,7.75,1,2,0,0,30,0
215,female,1,adult,False,113.275,0,0,0,0,230,1
216,female,3,adult,True,7.925,0,2,0,1,41,1
217,male,2,adult,False,27.0,1,1,0,0,144,0
218,female,1,adult,True,76.2917,0,0,0,1,210,1
219,male,2,adult,True,10.5,1,1,0,1,72,0
220,male,3,adult,True,8.05,1,2,0,1,43,1
221,male,2,adult,True,13.0,1,1,0,1,85,0
222,male,3,adult,True,8.05,1,2,0,1,43,0
223,male,3,adult,True,7.8958,1,2,0,1,40,0
224,male,1,adult,False,90.0,1,0,0,0,224,1
225,male,3,adult,True,9.35,1,2,0,1,61,0
226,male,2,adult,True,10.5,1,1,0,1,72,1
227,male,3,adult,True,7.25,1,2,0,1,18,0
228,male,2,adult,True,13.0,1,1,0,1,85,0
229,female,3,adult,False,25.4667,0,2,0,0,134,0
230,female,1,adult,False,83.475,0,0,0,0,221,1
231,male,3,adult,True,7.775,1,2,0,1,31,0
232,male,2,adult,True,13.5,1,1,0,1,87,0
233,female,3,child,False,31.3875,0,2,1,0,159,1
234,male,2,adult,True,10.5,1,1,0,1,72,0
235,female,3,adult,True,7.55,0,2,0,1,22,0
236,male,2,adult,False,26.0,1,1,0,0,138,0
237,female,2,child,False,26.25,0,1,1,0,139,1
238,male,2,adult,True,10.5,1,1,0,1,72,0
239,male,2,adult,True,12.275,1,1,0,1,78,0
240,female,3,adult,False,14.4542,0,2,0,0,94,0
241,female,3,adult,False,15.5,0,2,0,0,102,1
242,male,2,adult,True,10.5,1,1,0,1,72,0
243,male,3,adult,True,7.125,1,2,0,1,14,0
244,male,3,adult,True,7.225,1,2,0,1,16,0
245,male,1,adult,False,90.0,1,0,0,0,224,0
246,female,3,adult,True,7.775,0,2,0,1,31,0
247,female,2,adult,False,14.5,0,1,0,0,96,1
248,male,1,adult,False,52.5542,1,0,0,0,188,1
249,male,2,adult,False,26.0,1,1,0,0,138,0
250,male,3,adult,True,7.25,1,2,0,1,18,0
251,female,3,adult,False,10.4625,0,2,0,0,71,0
252,male,1,adult,True,26.55,1,0,0,1,143,0
253,male,3,adult,False,16.1,1,2,0,0,109,0
254,female,3,adult,False,20.2125,0,2,0,0,119,0
255,female,3,adult,False,15.2458,0,2,0,0,101,1
256,female,1,adult,True,79.2,0,0,0,1,216,1
257,female,1,adult,True,86.5,0,0,0,1,222,1
258,female,1,adult,True,512.3292,0,0,0,1,246,1
259,female,2,adult,False,26.0,0,1,0,0,138,1
260,male,3,adult,True,7.75,1,2,0,1,30,0
261,male,3,child,False,31.3875,1,2,1,0,159,1
262,male,1,adult,False,79.65,1,0,0,0,217,0
263,male,1,adult,True,0.0,1,0,0,1,0,0
264,female,3,adult,True,7.75,0,2,0,1,30,0
265,male,2,adult,True,10.5,1,1,0,1,72,0
266,male,3,adult,False,39.6875,1,2,0,0,175,0
267,male,3,adult,False,7.775,1,2,0,0,31,1
268,female,1,adult,False,153.4625,0,0,0,0,237,1
269,female,1,adult,True,135.6333,0,0,0,1,234,1
270,male,1,adult,True,31.0,1,0,0,1,157,0
271,male,3,adult,True,0.0,1,2,0,1,0,1
272,female,2,adult,False,19.5,0,1,0,0,117,1
273,male,1,adult,False,29.7,1,0,0,0,152,0
274,female,3,adult,True,7.75,0,2,0,1,30,1
275,female,1,adult,False,77.9583,0,0,0,0,213,1
276,female,3,adult,True,7.75,0,2,0,1,30,0
277,male,2,adult,True,0.0,1,1,0,1,0,0
278,male,3,child,False,29.125,1,2,1,0,151,0
279,female,3,adult,False,20.25,0,2,0,0,120,1
280,male,3,adult,True,7.75,1,2,0,1,30,0
281,male,3,adult,True,7.8542,1,2,0,1,36,0
282,male,3,adult,True,9.5,1,2,0,1,64,0
283,male,3,adult,True,8.05,1,2,0,1,43,1
284,male,1,adult,True,26.0,1,0,0,1,138,0
285,male,3,adult,True,8.6625,1,2,0,1,54,0
286,male,3,adult,True,9.5,1,2,0,1,64,1
287,male,3,adult,True,7.8958,1,2,0,1,40,0
288,male,2,adult,True,13.0,1,1,0,1,85,1
289,female,3,adult,True,7.75,0,2,0,1,30,1
290,female,1,adult,True,78.85,0,0,0,1,215,1
291,female,1,adult,False,91.0792,0,0,0,0,225,1
292,male,2,adult,True,12.875,1,1,0,1,84,0
293,female,3,adult,True,8.85,0,2,0,1,57,0
294,male,3,adult,True,7.8958,1,2,0,1,40,0
295,male,1,adult,True,27.7208,1,0,0,1,145,0
296,male,3,adult,True,7.2292,1,2,0,1,17,0
297,female,1,child,False,151.55,0,0,1,0,236,0
298,male,1,adult,True,30.5,1,0,0,1,155,1
299,female,1,adult,False,247.5208,0,0,0,0,243,1
300,female,3,adult,True,7.75,0,2,0,1,30,1
301,male,3,adult,False,23.25,1,2,0,0,130,1
302,male,3,adult,True,0.0,1,2,0,1,0,0
303,female,2,adult,True,12.35,0,1,0,1,80,1
304,male,3,adult,True,8.05,1,2,0,1,43,0
305,male,1,child,False,151.55,1,0,1,0,236,1
306,female,1,adult,True,110.8833,0,0,0,1,229,1
307,female,1,adult,False,108.9,0,0,0,0,228,1
308,male,2,adult,False,24.0,1,1,0,0,132,0
309,female,1,adult,True,56.9292,0,0,0,1,194,1
310,female,1,adult,True,83.1583,0,0,0,1,220,1
311,female,1,adult,False,262.375,0,0,0,0,244,1
312,female,2,adult,False,26.0,0,1,0,0,138,0
313,male,3,adult,True,7.8958,1,2,0,1,40,0
314,male,2,adult,False,26.25,1,1,0,0,139,0
315,female,3,adult,True,7.8542,0,2,0,1,36,1
316,female,2,adult,False,26.0,0,1,0,0,138,1
317,male,2,adult,True,14.0,1,1,0,1,91,0
318,female,1,adult,False,164.8667,0,0,0,0,238,1
319,female,1,adult,False,134.5,0,0,0,0,233,1
320,male,3,adult,True,7.25,1,2,0,1,18,0
321,male,3,adult,True,7.8958,1,2,0,1,40,0
322,female,2,adult,True,12.35,0,1,0,1,80,1
323,female,2,adult,False,29.0,0,1,0,0,150,1
324,male,3,adult,False,69.55,1,2,0,0,205,0
325,female,1,adult,True,135.6333,0,0,0,1,234,1
326,male,3,adult,True,6.2375,1,2,0,1,3,0
327,female,2,adult,True,13.0,0,1,0,1,85,1
328,female,3,adult,False,20.525,0,2,0,0,121,1
329,female,1,adult,False,57.9792,0,0,0,0,196,1
330,female,3,adult,False,23.25,0,2,0,0,130,1
331,male,1,adult,True,28.5,1,0,0,1,148,0
332,male,1,adult,False,153.4625,1,0,0,0,237,0
333,male,3,adult,False,18.0,1,2,0,0,113,0
334,female,1,adult,False,133.65,0,0,0,0,232,1
335,male,3,adult,True,7.8958,1,2,0,1,40,0
336,male,1,adult,False,66.6,1,0,0,0,203,0
337,female,1,adult,True,134.5,0,0,0,1,233,1
338,male,3,adult,True,8.05,1,2,0,1,43,1
339,male,1,adult,True,35.5,1,0,0,1,168,0
340,male,2,child,False,26.0,1,1,1,0,138,1
341,female,1,adult,False,263.0,0,0,0,0,245,1
342,male,2,adult,True,13.0,1,1,0,1,85,0
343,male,2,adult,True,13.0,1,1,0,1,85,0
344,male,2,adult,True,13.0,1,1,0,1,85,0
345,female,2,adult,True,13.0,0,1,0,1,85,1
346,female,2,adult,True,13.0,0,1,0,1,85,1
347,female,3,adult,False,16.1,0,2,0,0,109,1
348,male,3,child,False,15.9,1,2,1,0,107,1
349,male,3,adult,True,8.6625,1,2,0,1,54,0
350,male,3,adult,True,9.225,1,2,0,1,60,0
351,male,1,adult,True,35.0,1,0,0,1,167,0
352,male,3,child,False,7.2292,1,2,1,0,17,0
353,male,3,adult,False,17.8,1,2,0,0,112,0
354,male,3,adult,True,7.225,1,2,0,1,16,0
355,male,3,adult,True,9.5,1,2,0,1,64,0
356,female,1,adult,False,55.0,0,0,0,0,190,1
357,female,2,adult,True,13.0,0,1,0,1,85,0
358,female,3,adult,True,7.8792,0,2,0,1,38,1
359,female,3,adult,True,7.8792,0,2,0,1,38,1
360,male,3,adult,False,27.9,1,2,0,0,147,0
361,male,2,adult,False,27.7208,1,1,0,0,145,0
362,female,3,adult,False,14.4542,0,2,0,0,94,0
363,male,3,adult,True,7.05,1,2,0,1,12,0
364,male,3,adult,False,15.5,1,2,0,0,102,0
365,male,3,adult,True,7.25,1,2,0,1,18,0
366,female,1,adult,False,75.25,0,0,0,0,209,1
367,female,3,adult,True,7.2292,0,2,0,1,17,1
368,female,3,adult,True,7.75,0,2,0,1,30,1
369,female,1,adult,True,69.3,0,0,0,1,204,1
370,male,1,adult,False,55.4417,1,0,0,0,191,1
371,male,3,adult,False,6.4958,1,2,0,0,6,0
372,male,3,adult,True,8.05,1,2,0,1,43,0
373,male,1,adult,True,135.6333,1,0,0,1,234,0
374,female,3,child,False,21.075,0,2,1,0,124,0
375,female,1,adult,False,82.1708,0,0,0,0,219,1
376,female,3,adult,True,7.25,0,2,0,1,18,1
377,male,1,adult,False,211.5,1,0,0,0,240,0
378,male,3,adult,True,4.0125,1,2,0,1,1,0
379,male,3,adult,True,7.775,1,2,0,1,31,0
380,female,1,adult,True,227.525,0,0,0,1,242,1
381,female,3,child,False,15.7417,0,2,1,0,104,1
382,male,3,adult,True,7.925,1,2,0,1,41,0
383,female,1,adult,False,52.0,0,0,0,0,187,1
384,male,3,adult,True,7.8958,1,2,0,1,40,0
385,male,2,adult,True,73.5,1,1,0,1,208,0
386,male,3,child,False,46.9,1,2,1,0,179,0
387,female,2,adult,True,13.0,0,1,0,1,85,1
388,male,3,adult,True,7.7292,1,2,0,1,26,0
389,female,2,adult,True,12.0,0,1,0,1,77,1
390,male,1,adult,False,120.0,1,0,0,0,231,1
391,male,3,adult,True,7.7958,1,2,0,1,33,1
392,male,3,adult,False,7.925,1,2,0,0,41,0
393,female,1,adult,False,113.275,0,0,0,0,230,1
394,female,3,adult,False,16.7,0,2,0,0,110,1
395,male,3,adult,True,7.7958,1,2,0,1,33,0
396,female,3,adult,True,7.8542,0,2,0,1,36,0
397,male,2,adult,True,26.0,1,1,0,1,138,0
398,male,2,adult,True,10.5,1,1,0,1,72,0
399,female,2,adult,True,12.65,0,1,0,1,83,1
400,male,3,adult,True,7.925,1,2,0,1,41,1
401,male,3,adult,True,8.05,1,2,0,1,43,0
402,female,3,adult,False,9.825,0,2,0,0,66,0
403,male,3,adult,False,15.85,1,2,0,0,106,0
404,female,3,adult,True,8.6625,0,2,0,1,54,0
405,male,2,adult,False,21.0,1,1,0,0,123,0
406,male,3,adult,True,7.75,1,2,0,1,30,0
407,male,2,child,False,18.75,1,1,1,0,114,1
408,male,3,adult,True,7.775,1,2,0,1,31,0
409,female,3,adult,False,25.4667,0,2,0,0,134,0
410,male,3,adult,True,7.8958,1,2,0,1,40,0
411,male,3,adult,True,6.8583,1,2,0,1,8,0
412,female,1,adult,False,90.0,0,0,0,0,224,1
413,male,2,adult,True,0.0,1,1,0,1,0,0
414,male,3,adult,True,7.925,1,2,0,1,41,1
415,female,3,adult,True,8.05,0,2,0,1,43,0
416,female,2,adult,False,32.5,0,1,0,0,161,1
417,female,2,adult,False,13.0,0,1,0,0,85,1
418,male,2,adult,True,13.0,1,1,0,1,85,0
419,female,3,child,False,24.15,0,2,1,0,133,0
420,male,3,adult,True,7.8958,1,2,0,1,40,0
421,male,3,adult,True,7.7333,1,2,0,1,27,0
422,male,3,adult,True,7.875,1,2,0,1,37,0
423,female,3,adult,False,14.4,0,2,0,0,93,0
424,male,3,adult,False,20.2125,1,2,0,0,119,0
425,male,3,adult,True,7.25,1,2,0,1,18,0
426,female,2,adult,False,26.0,0,1,0,0,138,1
427,female,2,adult,True,26.0,0,1,0,1,138,1
428,male,3,adult,True,7.75,1,2,0,1,30,0
429,male,3,adult,True,8.05,1,2,0,1,43,1
430,male,1,adult,True,26.55,1,0,0,1,143,1
431,female,3,adult,False,16.1,0,2,0,0,109,1
432,female,2,adult,False,26.0,0,1,0,0,138,1
433,male,3,adult,True,7.125,1,2,0,1,14,0
434,male,1,adult,False,55.9,1,0,0,0,192,0
435,female,1,child,False,120.0,0,0,1,0,231,1
436,female,3,adult,False,34.375,0,2,0,0,165,0
437,female,2,adult,False,18.75,0,1,0,0,114,1
438,male,1,adult,False,263.0,1,0,0,0,245,0
439,male,2,adult,True,10.5,1,1,0,1,72,0
440,female,2,adult,False,26.25,0,1,0,0,139,1
441,male,3,adult,True,9.5,1,2,0,1,64,0
442,male,3,adult,False,7.775,1,2,0,0,31,0
443,female,2,adult,True,13.0,0,1,0,1,85,1
444,male,3,adult,True,8.1125,1,2,0,1,44,1
445,male,1,child,False,81.8583,1,0,1,0,218,1
446,female,2,child,False,19.5,0,1,1,0,117,1
447,male,1,adult,True,26.55,1,0,0,1,143,1
448,female,3,child,False,19.2583,0,2,1,0,116,1
449,male,1,adult,True,30.5,1,0,0,1,155,1
450,male,2,adult,False,27.75,1,1,0,0,146,0
451,male,3,adult,False,19.9667,1,2,0,0,118,0
452,male,1,adult,True,27.75,1,0,0,1,146,0
453,male,1,adult,False,89.1042,1,0,0,0,223,1
454,male,3,adult,True,8.05,1,2,0,1,43,0
455,male,3,adult,True,7.8958,1,2,0,1,40,1
456,male,1,adult,True,26.55,1,0,0,1,143,0
457,female,1,adult,False,51.8625,0,0,0,0,186,1
458,female,2,adult,True,10.5,0,1,0,1,72,1
459,male,3,adult,True,7.75,1,2,0,1,30,0
460,male,1,adult,True,26.55,1,0,0,1,143,1
461,male,3,adult,True,8.05,1,2,0,1,43,0
462,male,1,adult,True,38.5,1,0,0,1,171,0
463,male,2,adult,True,13.0,1,1,0,1,85,0
464,male,3,adult,True,8.05,1,2,0,1,43,0
465,male,3,adult,True,7.05,1,2,0,1,12,0
466,male,2,adult,True,0.0,1,1,0,1,0,0
467,male,1,adult,True,26.55,1,0,0,1,143,0
468,male,3,adult,True,7.725,1,2,0,1,25,0
469,female,3,child,False,19.2583,0,2,1,0,116,1
470,male,3,adult,True,7.25,1,2,0,1,18,0
471,male,3,adult,True,8.6625,1,2,0,1,54,0
472,female,2,adult,False,27.75,0,1,0,0,146,1
473,female,2,adult,True,13.7917,0,1,0,1,88,1
474,female,3,adult,True,9.8375,0,2,0,1,67,0
475,male,1,adult,True,52.0,1,0,0,1,187,0
476,male,2,adult,False,21.0,1,1,0,0,123,0
477,male,3,adult,False,7.0458,1,2,0,0,11,0
478,male,3,adult,True,7.5208,1,2,0,1,21,0
479,female,3,child,False,12.2875,0,2,1,0,79,1
480,male,3,child,False,46.9,1,2,1,0,179,0
481,male,2,adult,True,0.0,1,1,0,1,0,0
482,male,3,adult,True,8.05,1,2,0,1,43,0
483,female,3,adult,True,9.5875,0,2,0,1,65,1
484,male,1,adult,False,91.0792,1,0,0,0,225,1
485,female,3,adult,False,25.4667,0,2,0,0,134,0
486,female,1,adult,False,90.0,0,0,0,0,224,1
487,male,1,adult,True,29.7,1,0,0,1,152,0
488,male,3,adult,True,8.05,1,2,0,1,43,0
489,male,3,child,False,15.9,1,2,1,0,107,1
490,male,3,adult,False,19.9667,1,2,0,0,118,0
491,male,3,adult,True,7.25,1,2,0,1,18,0
492,male,1,adult,True,30.5,1,0,0,1,155,0
493,male,1,adult,True,49.5042,1,0,0,1,182,0
494,male,3,adult,True,8.05,1,2,0,1,43,0
495,male,3,adult,True,14.4583,1,2,0,1,95,0
496,female,1,adult,False,78.2667,0,0,0,0,214,1
497,male,3,adult,True,15.1,1,2,0,1,100,0
498,female,1,adult,False,151.55,0,0,0,0,236,0
499,male,3,adult,True,7.7958,1,2,0,1,33,0
500,male,3,adult,True,8.6625,1,2,0,1,54,0
501,female,3,adult,True,7.75,0,2,0,1,30,0
502,female,3,adult,True,7.6292,0,2,0,1,23,0
503,female,3,adult,True,9.5875,0,2,0,1,65,0
504,female,1,adult,True,86.5,0,0,0,1,222,1
505,male,1,adult,False,108.9,1,0,0,0,228,0
506,female,2,adult,False,26.0,0,1,0,0,138,1
507,male,1,adult,True,26.55,1,0,0,1,143,1
508,male,3,adult,True,22.525,1,2,0,1,128,0
509,male,3,adult,True,56.4958,1,2,0,1,193,1
510,male,3,adult,True,7.75,1,2,0,1,30,1
511,male,3,adult,True,8.05,1,2,0,1,43,0
512,male,1,adult,True,26.2875,1,0,0,1,141,1
513,female,1,adult,False,59.4,0,0,0,0,197,1
514,male,3,adult,True,7.4958,1,2,0,1,20,0
515,male,1,adult,True,34.0208,1,0,0,1,164,0
516,female,2,adult,True,10.5,0,1,0,1,72,1
517,male,3,adult,True,24.15,1,2,0,1,133,0
518,female,2,adult,False,26.0,0,1,0,0,138,1
519,male,3,adult,True,7.8958,1,2,0,1,40,0
520,female,1,adult,True,93.5,0,0,0,1,226,1
521,male,3,adult,True,7.8958,1,2,0,1,40,0
522,male,3,adult,True,7.225,1,2,0,1,16,0
523,female,1,adult,False,57.9792,0,0,0,0,196,1
524,male,3,adult,True,7.2292,1,2,0,1,17,0
525,male,3,adult,True,7.75,1,2,0,1,30,0
526,female,2,adult,True,10.5,0,1,0,1,72,1
527,male,1,adult,True,221.7792,1,0,0,1,241,0
528,male,3,adult,True,7.925,1,2,0,1,41,0
529,male,2,adult,False,11.5,1,1,0,0,76,0
530,female,2,child,False,26.0,0,1,1,0,138,1
531,male,3,adult,True,7.2292,1,2,0,1,17,0
532,male,3,adult,False,7.2292,1,2,0,0,17,0
533,female,3,adult,False,22.3583,0,2,0,0,127,1
534,female,3,adult,True,8.6625,0,2,0,1,54,0
535,female,2,child,False,26.25,0,1,1,0,139,1
536,male,1,adult,True,26.55,1,0,0,1,143,0
537,female,1,adult,True,106.425,0,0,0,1,227,1
538,male,3,adult,True,14.5,1,2,0,1,96,0
539,female,1,adult,False,49.5,0,0,0,0,181,1
540,female,1,adult,False,71.0,0,0,0,0,206,1
541,female,3,child,False,31.275,0,2,1,0,158,0
542,female,3,child,False,31.275,0,2,1,0,158,0
543,male,2,adult,False,26.0,1,1,0,0,138,1
544,male,1,adult,False,106.425,1,0,0,0,227,0
545,male,1,adult,True,26.0,1,0,0,1,138,0
546,female,2,adult,False,26.0,0,1,0,0,138,1
547,male,2,adult,True,13.8625,1,1,0,1,90,1
548,male,3,adult,False,20.525,1,2,0,0,121,0
549,male,2,child,False,36.75,1,1,1,0,169,1
550,male,1,adult,False,110.8833,1,0,0,0,229,1
551,male,2,adult,True,26.0,1,1,0,1,138,0
552,male,3,adult,True,7.8292,1,2,0,1,35,0
553,male,3,adult,True,7.225,1,2,0,1,16,1
554,female,3,adult,True,7.775,0,2,0,1,31,1
555,male,1,adult,True,26.55,1,0,0,1,143,0
556,female,1,adult,False,39.6,0,0,0,0,174,1
557,male,1,adult,True,227.525,1,0,0,1,242,0
558,female,1,adult,False,79.65,0,0,0,0,217,1
559,female,3,adult,False,17.4,0,2,0,0,111,1
560,male,3,adult,True,7.75,1,2,0,1,30,0
561,male,3,adult,True,7.8958,1,2,0,1,40,0
562,male,2,adult,True,13.5,1,1,0,1,87,0
563,male,3,adult,True,8.05,1,2,0,1,43,0
564,female,3,adult,True,8.05,0,2,0,1,43,0
565,male,3,adult,False,24.15,1,2,0,0,133,0
566,male,3,adult,True,7.8958,1,2,0,1,40,0
567,female,3,adult,False,21.075,0,2,0,0,124,0
568,male,3,adult,True,7.2292,1,2,0,1,17,0
569,male,3,adult,True,7.8542,1,2,0,1,36,1
570,male,2,adult,True,10.5,1,1,0,1,72,1
571,female,1,adult,False,51.4792,0,0,0,0,185,1
572,male,1,adult,True,26.3875,1,0,0,1,142,1
573,female,3,adult,True,7.75,0,2,0,1,30,1
574,male,3,adult,True,8.05,1,2,0,1,43,0
575,male,3,adult,True,14.5,1,2,0,1,96,0
576,female,2,adult,True,13.0,0,1,0,1,85,1
577,female,1,adult,False,55.9,0,0,0,0,192,1
578,female,3,adult,False,14.4583,0,2,0,0,95,0
579,male,3,adult,True,7.925,1,2,0,1,41,1
580,female,2,adult,False,30.0,0,1,0,0,153,1
581,female,1,adult,False,110.8833,0,0,0,0,229,1
582,male,2,adult,True,26.0,1,1,0,1,138,0
583,male,1,adult,True,40.125,1,0,0,1,176,0
584,male,3,adult,True,8.7125,1,2,0,1,56,0
585,female,1,adult,False,79.65,0,0,0,0,217,1
586,male,2,adult,True,15.0,1,1,0,1,97,0
587,male,1,adult,False,79.2,1,0,0,0,216,1
588,male,3,adult,True,8.05,1,2,0,1,43,0
589,male,3,adult,True,8.05,1,2,0,1,43,0
590,male,3,adult,True,7.125,1,2,0,1,14,0
591,female,1,adult,False,78.2667,0,0,0,0,214,1
592,male,3,adult,True,7.25,1,2,0,1,18,0
593,female,3,adult,False,7.75,0,2,0,0,30,0
594,male,2,adult,False,26.0,1,1,0,0,138,0
595,male,3,adult,False,24.15,1,2,0,0,133,0
596,female,2,adult,True,33.0,0,1,0,1,162,1
597,male,3,adult,True,0.0,1,2,0,1,0,0
598,male,3,adult,True,7.225,1,2,0,1,16,0
599,male,1,adult,False,56.9292,1,0,0,0,194,1
600,female,2,adult,False,27.0,0,1,0,0,144,1
601,male,3,adult,True,7.8958,1,2,0,1,40,0
602,male,1,adult,True,42.4,1,0,0,1,178,0
603,male,3,adult,True,8.05,1,2,0,1,43,0
604,male,1,adult,True,26.55,1,0,0,1,143,1
605,male,3,adult,False,15.55,1,2,0,0,103,0
606,male,3,adult,True,7.8958,1,2,0,1,40,0
607,male,1,adult,True,30.5,1,0,0,1,155,1
608,female,2,adult,False,41.5792,0,1,0,0,177,1
609,female,1,adult,True,153.4625,0,0,0,1,237,1
610,female,3,adult,False,31.275,0,2,0,0,158,0
611,male,3,adult,True,7.05,1,2,0,1,12,0
612,female,3,adult,False,15.5,0,2,0,0,102,1
613,male,3,adult,True,7.75,1,2,0,1,30,0
614,male,3,adult,True,8.05,1,2,0,1,43,0
615,female,2,adult,False,65.0,0,1,0,0,202,1
616,male,3,adult,False,14.4,1,2,0,0,93,0
617,female,3,adult,False,16.1,0,2,0,0,109,0
618,female,2,child,False,39.0,0,1,1,0,172,1
619,male,2,adult,True,10.5,1,1,0,1,72,0
620,male,3,adult,False,14.4542,1,2,0,0,94,0
621,male,1,adult,False,52.5542,1,0,0,0,188,1
622,male,3,adult,False,15.7417,1,2,0,0,104,1
623,male,3,adult,True,7.8542,1,2,0,1,36,0
624,male,3,adult,True,16.1,1,2,0,1,109,0
625,male,1,adult,True,32.3208,1,0,0,1,160,0
626,male,2,adult,True,12.35,1,1,0,1,80,0
627,female,1,adult,True,77.9583,0,0,0,1,213,1
628,male,3,adult,True,7.8958,1,2,0,1,40,0
629,male,3,adult,True,7.7333,1,2,0,1,27,0
630,male,1,adult,True,30.0,1,0,0,1,153,1
631,male,3,adult,True,7.0542,1,2,0,1,13,0
632,male,1,adult,True,30.5,1,0,0,1,155,1
633,male,1,adult,True,0.0,1,0,0,1,0,0
634,female,3,child,False,27.9,0,2,1,0,147,0
635,female,2,adult,True,13.0,0,1,0,1,85,1
636,male,3,adult,True,7.925,1,2,0,1,41,0
637,male,2,adult,False,26.25,1,1,0,0,139,0
638,female,3,adult,False,39.6875,0,2,0,0,175,0
639,male,3,adult,False,16.1,1,2,0,0,109,0
640,male,3,adult,True,7.8542,1,2,0,1,36,0
641,female,1,adult,True,69.3,0,0,0,1,204,1
642,female,3,child,False,27.9,0,2,1,0,147,0
643,male,3,adult,True,56.4958,1,2,0,1,193,1
644,female,3,child,False,19.2583,0,2,1,0,116,1
645,male,1,adult,False,76.7292,1,0,0,0,211,1
646,male,3,adult,True,7.8958,1,2,0,1,40,0
647,male,1,adult,True,35.5,1,0,0,1,168,1
648,male,3,adult,True,7.55,1,2,0,1,22,0
649,female,3,adult,True,7.55,0,2,0,1,22,1
650,male,3,adult,True,7.8958,1,2,0,1,40,0
651,female,2,adult,False,23.0,0,1,0,0,129,1
652,male,3,adult,True,8.4333,1,2,0,1,50,0
653,female,3,adult,True,7.8292,0,2,0,1,35,1
654,female,3,adult,True,6.75,0,2,0,1,7,0
655,male,2,adult,False,73.5,1,1,0,0,208,0
656,male,3,adult,True,7.8958,1,2,0,1,40,0
657,female,3,adult,False,15.5,0,2,0,0,102,0
658,male,2,adult,True,13.0,1,1,0,1,85,0
659,male,1,adult,False,113.275,1,0,0,0,230,0
660,male,1,adult,False,133.65,1,0,0,0,232,1
661,male,3,adult,True,7.225,1,2,0,1,16,0
662,male,1,adult,True,25.5875,1,0,0,1,135,0
663,male,3,adult,True,7.4958,1,2,0,1,20,0
664,male,3,adult,False,7.925,1,2,0,0,41,1
665,male,2,adult,False,73.5,1,1,0,0,208,0
666,male,2,adult,True,13.0,1,1,0,1,85,0
667,male,3,adult,True,7.775,1,2,0,1,31,0
668,male,3,adult,True,8.05,1,2,0,1,43,0
669,female,1,adult,False,52.0,0,0,0,0,187,1
670,female,2,adult,False,39.0,0,1,0,0,172,1
671,male,1,adult,False,52.0,1,0,0,0,187,0
672,male,2,adult,True,10.5,1,1,0,1,72,0
673,male,2,adult,True,13.0,1,1,0,1,85,1
674,male,2,adult,True,0.0,1,1,0,1,0,0
675,male,3,adult,True,7.775,1,2,0,1,31,0
676,male,3,adult,True,8.05,1,2,0,1,43,0
677,female,3,adult,True,9.8417,0,2,0,1,68,1
678,female,3,adult,False,46.9,0,2,0,0,179,0
679,male,1,adult,False,512.3292,1,0,0,0,246,1
680,female,3,adult,True,8.1375,0,2,0,1,45,0
681,male,1,adult,True,76.7292,1,0,0,1,211,1
682,male,3,adult,True,9.225,1,2,0,1,60,0
683,male,3,child,False,46.9,1,2,1,0,179,0
684,male,2,adult,False,39.0,1,1,0,0,172,0
685,male,2,adult,False,41.5792,1,1,0,0,177,0
686,male,3,child,False,39.6875,1,2,1,0,175,0
687,male,3,adult,True,10.1708,1,2,0,1,70,0
688,male,3,adult,True,7.7958,1,2,0,1,33,0
689,female,1,child,False,211.3375,0,0,1,0,239,1
690,male,1,adult,False,57.0,1,0,0,0,195,1
691,female,3,child,False,13.4167,0,2,1,0,86,1
692,male,3,adult,True,56.4958,1,2,0,1,193,1
693,male,3,adult,True,7.225,1,2,0,1,16,0
694,male,1,adult,True,26.55,1,0,0,1,143,0
695,male,2,adult,True,13.5,1,1,0,1,87,0
696,male,3,adult,True,8.05,1,2,0,1,43,0
697,female,3,adult,True,7.7333,0,2,0,1,27,1
698,male,1,adult,False,110.8833,1,0,0,0,229,0
699,male,3,adult,True,7.65,1,2,0,1,24,0
700,female,1,adult,False,227.525,0,0,0,0,242,1
701,male,1,adult,True,26.2875,1,0,0,1,141,1
702,female,3,adult,False,14.4542,0,2,0,0,94,0
703,male,3,adult,True,7.7417,1,2,0,1,29,0
704,male,3,adult,False,7.8542,1,2,0,0,36,0
705,male,2,adult,True,26.0,1,1,0,1,138,0
706,female,2,adult,True,13.5,0,1,0,1,87,1
707,male,1,adult,True,26.2875,1,0,0,1,141,1
708,female,1,adult,True,151.55,0,0,0,1,236,1
709,male,3,adult,False,15.2458,1,2,0,0,101,1
710,female,1,adult,True,49.5042,0,0,0,1,182,1
711,male,1,adult,True,26.55,1,0,0,1,143,0
712,male,1,adult,False,52.0,1,0,0,0,187,1
713,male,3,adult,True,9.4833,1,2,0,1,63,0
714,male,2,adult,True,13.0,1,1,0,1,85,0
715,male,3,adult,True,7.65,1,2,0,1,24,0
716,female,1,adult,True,227.525,0,0,0,1,242,1
717,female,2,adult,True,10.5,0,1,0,1,72,1
718,male,3,adult,True,15.5,1,2,0,1,102,0
719,male,3,adult,True,7.775,1,2,0,1,31,0
720,female,2,child,False,33.0,0,1,1,0,162,1
721,male,3,adult,False,7.0542,1,2,0,0,13,0
722,male,2,adult,True,13.0,1,1,0,1,85,0
723,male,2,adult,True,13.0,1,1,0,1,85,0
724,male,1,adult,False,53.1,1,0,0,0,189,1
725,male,3,adult,True,8.6625,1,2,0,1,54,0
726,female,2,adult,False,21.0,0,1,0,0,123,1
727,female,3,adult,True,7.7375,0,2,0,1,28,1
728,male,2,adult,False,26.0,1,1,0,0,138,0
729,female,3,adult,False,7.925,0,2,0,0,41,0
730,female,1,adult,True,211.3375,0,0,0,1,239,1
731,male,3,child,True,18.7875,1,2,1,1,115,0
732,male,2,adult,True,0.0,1,1,0,1,0,0
733,male,2,adult,True,13.0,1,1,0,1,85,0
734,male,2,adult,True,13.0,1,1,0,1,85,0
735,male,3,adult,True,16.1,1,2,0,1,109,0
736,female,3,adult,False,34.375,0,2,0,0,165,0
737,male,1,adult,True,512.3292,1,0,0,1,246,1
738,male,3,adult,True,7.8958,1,2,0,1,40,0
739,male,3,adult,True,7.8958,1,2,0,1,40,0
740,male,1,adult,True,30.0,1,0,0,1,153,1
741,male,1,adult,False,78.85,1,0,0,0,215,0
742,female,1,adult,False,262.375,0,0,0,0,244,1
743,male,3,adult,False,16.1,1,2,0,0,109,0
744,male,3,adult,True,7.925,1,2,0,1,41,1
745,male,1,adult,False,71.0,1,0,0,0,206,0
746,male,3,adult,False,20.25,1,2,0,0,120,0
747,female,2,adult,True,13.0,0,1,0,1,85,1
748,male,1,adult,False,53.1,1,0,0,0,189,0
749,male,3,adult,True,7.75,1,2,0,1,30,0
750,female,2,child,False,23.0,0,1,1,0,129,1
751,male,3,child,False,12.475,1,2,1,0,81,1
752,male,3,adult,True,9.5,1,2,0,1,64,0
753,male,3,adult,True,7.8958,1,2,0,1,40,0
754,female,2,adult,False,65.0,0,1,0,0,202,1
755,male,2,child,False,14.5,1,1,1,0,96,1
756,male,3,adult,True,7.7958,1,2,0,1,33,0
757,male,2,adult,True,11.5,1,1,0,1,76,0
758,male,3,adult,True,8.05,1,2,0,1,43,0
759,female,1,adult,True,86.5,0,0,0,1,222,1
760,male,3,adult,True,14.5,1,2,0,1,96,0
761,male,3,adult,True,7.125,1,2,0,1,14,0
762,male,3,adult,True,7.2292,1,2,0,1,17,1
763,female,1,adult,False,120.0,0,0,0,0,231,1
764,male,3,adult,True,7.775,1,2,0,1,31,0
765,female,1,adult,False,77.9583,0,0,0,0,213,1
766,male,1,adult,True,39.6,1,0,0,1,174,0
767,female,3,adult,True,7.75,0,2,0,1,30,0
768,male,3,adult,False,24.15,1,2,0,0,133,0
769,male,3,adult,True,8.3625,1,2,0,1,48,0
770,male,3,adult,True,9.5,1,2,0,1,64,0
771,male,3,adult,True,7.8542,1,2,0,1,36,0
772,female,2,adult,True,10.5,0,1,0,1,72,0
773,male,3,adult,True,7.225,1,2,0,1,16,0
774,female,2,adult,False,23.0,0,1,0,0,129,1
775,male,3,adult,True,7.75,1,2,0,1,30,0
776,male,3,adult,True,7.75,1,2,0,1,30,0
777,female,3,child,True,12.475,0,2,1,1,81,1
778,male,3,adult,True,7.7375,1,2,0,1,28,0
779,female,1,adult,False,211.3375,0,0,0,0,239,1
780,female,3,child,True,7.2292,0,2,1,1,17,1
781,female,1,adult,False,57.0,0,0,0,0,195,1
782,male,1,adult,True,30.0,1,0,0,1,153,0
783,male,3,adult,False,23.45,1,2,0,0,131,0
784,male,3,adult,True,7.05,1,2,0,1,12,0
785,male,3,adult,True,7.25,1,2,0,1,18,0
786,female,3,adult,True,7.4958,0,2,0,1,20,1
787,male,3,child,False,29.125,1,2,1,0,151,0
788,male,3,child,False,20.575,1,2,1,0,122,1
789,male,1,adult,True,79.2,1,0,0,1,216,0
790,male,3,adult,True,7.75,1,2,0,1,30,0
791,male,2,adult,True,26.0,1,1,0,1,138,0
792,female,3,adult,False,69.55,0,2,0,0,205,0
793,male,1,adult,True,30.6958,1,0,0,1,156,0
794,male,3,adult,True,7.8958,1,2,0,1,40,0
795,male,2,adult,True,13.0,1,1,0,1,85,0
796,female,1,adult,True,25.9292,0,0,0,1,137,1
797,female,3,adult,True,8.6833,0,2,0,1,55,1
798,male,3,adult,True,7.2292,1,2,0,1,17,0
799,female,3,adult,False,24.15,0,2,0,0,133,0
800,male,2,adult,True,13.0,1,1,0,1,85,0
801,female,2,adult,False,26.25,0,1,0,0,139,1
802,male,1,child,False,120.0,1,0,1,0,231,1
803,male,3,child,False,8.5167,1,2,1,0,52,1
804,male,3,adult,True,6.975,1,2,0,1,10,1
805,male,3,adult,True,7.775,1,2,0,1,31,0
806,male,1,adult,True,0.0,1,0,0,1,0,0
807,female,3,adult,True,7.775,0,2,0,1,31,0
808,male,2,adult,True,13.0,1,1,0,1,85,0
809,female,1,adult,False,53.1,0,0,0,0,189,1
810,male,3,adult,True,7.8875,1,2,0,1,39,0
811,male,3,adult,True,24.15,1,2,0,1,133,0
812,male,2,adult,True,10.5,1,1,0,1,72,0
813,female,3,child,False,31.275,0,2,1,0,158,0
814,male,3,adult,True,8.05,1,2,0,1,43,0
815,male,1,adult,True,0.0,1,0,0,1,0,0
816,female,3,adult,True,7.925,0,2,0,1,41,0
817,male,2,adult,False,37.0042,1,1,0,0,170,0
818,male,3,adult,True,6.45,1,2,0,1,5,0
819,male,3,child,False,27.9,1,2,1,0,147,0
820,female,1,adult,False,93.5,0,0,0,0,226,1
821,male,3,adult,True,8.6625,1,2,0,1,54,1
822,male,1,adult,True,0.0,1,0,0,1,0,0
823,female,3,adult,False,12.475,0,2,0,0,81,1
824,male,3,child,False,39.6875,1,2,1,0,175,0
825,male,3,adult,True,6.95,1,2,0,1,9,0
826,male,3,adult,True,56.4958,1,2,0,1,193,0
827,male,2,child,False,37.0042,1,1,1,0,170,1
828,male,3,adult,True,7.75,1,2,0,1,30,1
830,female,3,child,False,14.4542,0,2,1,0,94,1
831,male,2,child,False,18.75,1,1,1,0,114,1
832,male,3,adult,True,7.2292,1,2,0,1,17,0
833,male,3,adult,True,7.8542,1,2,0,1,36,0
834,male,3,adult,True,8.3,1,2,0,1,47,0
835,female,1,adult,False,83.1583,0,0,0,0,220,1
836,male,3,adult,True,8.6625,1,2,0,1,54,0
837,male,3,adult,True,8.05,1,2,0,1,43,0
838,male,3,adult,True,56.4958,1,2,0,1,193,1
839,male,1,adult,True,29.7,1,0,0,1,152,1
840,male,3,adult,True,7.925,1,2,0,1,41,0
841,male,2,adult,True,10.5,1,1,0,1,72,0
842,female,1,adult,True,31.0,0,0,0,1,157,1
843,male,3,adult,True,6.4375,1,2,0,1,4,0
844,male,3,adult,True,8.6625,1,2,0,1,54,0
845,male,3,adult,True,7.55,1,2,0,1,22,0
846,male,3,adult,False,69.55,1,2,0,0,205,0
847,male,3,adult,True,7.8958,1,2,0,1,40,0
848,male,2,adult,False,33.0,1,1,0,0,162,0
849,female,1,adult,False,89.1042,0,0,0,0,223,1
850,male,3,child,False,31.275,1,2,1,0,158,0
851,male,3,adult,True,7.775,1,2,0,1,31,0
852,female,3,child,False,15.2458,0,2,1,0,101,0
853,female,1,adult,False,39.4,0,0,0,0,173,1
854,female,2,adult,False,26.0,0,1,0,0,138,0
855,female,3,adult,False,9.35,0,2,0,0,61,1
856,female,1,adult,False,164.8667,0,0,0,0,238,1
857,male,1,adult,True,26.55,1,0,0,1,143,1
858,female,3,adult,False,19.2583,0,2,0,0,116,1
859,male,3,adult,True,7.2292,1,2,0,1,17,0
860,male,3,adult,False,14.1083,1,2,0,0,92,0
861,male,2,adult,False,11.5,1,1,0,0,76,0
862,female,1,adult,True,25.9292,0,0,0,1,137,1
863,female,3,adult,False,69.55,0,2,0,0,205,0
864,male,2,adult,True,13.0,1,1,0,1,85,0
865,female,2,adult,True,13.0,0,1,0,1,85,1
866,female,2,adult,False,13.8583,0,1,0,0,89,1
867,male,1,adult,True,50.4958,1,0,0,1,184,0
868,male,3,adult,True,9.5,1,2,0,1,64,0
869,male,3,child,False,11.1333,1,2,1,0,74,1
870,male,3,adult,True,7.8958,1,2,0,1,40,0
871,female,1,adult,False,52.5542,0,0,0,0,188,1
872,male,1,adult,True,5.0,1,0,0,1,2,0
873,male,3,adult,True,9.0,1,2,0,1,58,0
874,female,2,adult,False,24.0,0,1,0,0,132,1
875,female,3,child,True,7.225,0,2,1,1,16,1
876,male,3,adult,True,9.8458,1,2,0,1,69,0
877,male,3,adult,True,7.8958,1,2,0,1,40,0
878,male,3,adult,True,7.8958,1,2,0,1,40,0
879,female,1,adult,False,83.1583,0,0,0,0,220,1
880,female,2,adult,False,26.0,0,1,0,0,138,1
881,male,3,adult,True,7.8958,1,2,0,1,40,0
882,female,3,adult,True,10.5167,0,2,0,1,73,0
883,male,2,adult,True,10.5,1,1,0,1,72,0
884,male,3,adult,True,7.05,1,2,0,1,12,0
885,female,3,adult,False,29.125,0,2,0,0,151,0
886,male,2,adult,True,13.0,1,1,0,1,85,0
887,female,1,adult,True,30.0,0,0,0,1,153,1
888,female,3,adult,False,23.45,0,2,0,0,131,0
889,male,1,adult,True,30.0,1,0,0,1,153,1
890,male,3,adult,True,7.75,1,2,0,1,30,0
